"Movie_ID","Year","Name"
48,2001,"Justice League"
56,2004,"Carandiru"
58,1996,"Dragonheart"
64,2001,"Outside the Law"
77,1995,"Congo"
104,1965,"The Great Race"
105,2002,"Obsessed"
110,1989,"Scandal"
125,1981,"Nighthawks"
143,1997,"The Game"
148,2001,"Sweet November"
152,1995,"A Little Princess"
166,1980,"Fame"
175,1992,"Reservoir Dogs"
181,2004,"The Last Shot"
197,2004,"Taking Lives"
252,2002,"Stuart Little 2"
275,2002,"Evelyn"
289,1998,"The Avengers"
295,1995,"Ace Ventura: When Nature Calls"
313,2000,"Pay It Forward"
330,1998,"Wild Things"
346,2005,"Up and Down"
361,2004,"The Phantom of the Opera: Special Edition"
384,1986,"Crossroads"
393,1998,"The Replacement Killers"
398,1976,"In the Realm of the Senses"
402,1999,"Pan Tadeusz"
414,1999,"Girl"
438,1997,"Bean: The Movie"
471,1931,"City Lights"
473,1997,"Princess Mononoke"
483,2001,"Rush Hour 2"
486,1959,"Journey to the Center of the Earth"
499,2000,"Under Suspicion"
548,1991,"Hudson Hawk"
550,1995,"First Knight"
558,1994,"Fantastic Four"
563,2001,"Jimmy Neutron: Boy Genius"
564,1990,"Predator 2"
569,1979,"The In-Laws"
570,2000,"The Visit"
571,1999,"American Beauty"
599,1989,"Sea of Love"
602,2000,"Tokyo Raiders"
636,1980,"Stir Crazy"
659,1972,"The Last House on the Left"
681,1986,"Police Academy 3: Back in Training"
701,2002,"Nine Lives"
707,2003,"The Return"
708,2000,"The Perfect Storm"
758,2004,"Mean Girls"
780,2003,"Churchill"
798,1975,"Jaws"
851,1990,"Back to the Future Part III"
886,2004,"Ray"
907,1930,"Animal Crackers"
908,1981,"Sense and Sensibility"
937,1998,"Fallen"
938,2002,"Scarecrow"
940,1997,"Hercules"
942,1994,"The Pagemaster"
953,1966,"Fahrenheit 451"
954,2003,"I Capture the Castle"
960,1960,"The Unforgiven"
962,2002,"I Spy"
967,2004,"Main Hoon Na"
979,1990,"A Moment of Romance"
980,1994,"The Swan Princess"
982,2001,"Dil Chahta Hai"
985,1999,"The Mummy"
993,1994,"The Shadow"
1035,1994,"Disclosure"
1066,1978,"Superman: The Movie"
1068,1998,"Ringu"
1070,2000,"Bangkok Dangerous"
1073,2005,"Coach Carter"
1078,2000,"After the Storm"
1091,1980,"Dostana"
1099,1983,"Confidentially Yours"
1102,2001,"Training Day"
1103,1997,"Jane Eyre"
1123,1993,"Dragon: The Bruce Lee Story"
1136,1993,"Naked"
1138,2003,"Freddy vs. Jason"
1145,2001,"The Wedding Planner"
1173,1999,"Walking with Dinosaurs"
1175,1984,"Repo Man"
1180,2001,"A Beautiful Mind"
1184,2004,"The Wizard of Oz"
1232,1927,"It"
1245,1994,"Threesome"
1260,1999,"Journey to the Center of the Earth"
1264,2000,"The Closet"
1270,2000,"The Great Gatsby"
1294,2004,"The Gunman"
1305,2003,"Thirteen"
1307,2003,"S.W.A.T."
1324,1994,"The Professional"
1331,1993,"Happily Ever After"
1332,1954,"Sherlock Holmes"
1336,1994,"Wolf"
1363,1993,"Leprechaun"
1370,1976,"Marathon Man"
1384,1973,"Walking Tall"
1406,1991,"Hook"
1419,1975,"Madame Bovary"
1426,1994,"Go Fish"
1430,2001,"The House Next Door"
1452,2001,"Perfume"
1506,2004,"Paranoia Agent"
1518,1995,"Casper"
1542,1993,"Sleepless in Seattle"
1547,1939,"The Women"
1558,1990,"Rocky V"
1561,2003,"American Wedding"
1566,1996,"Once a Thief"
1580,1987,"City on Fire"
1637,2002,"Trapped"
1641,2002,"Revenge"
1645,2003,"The In-Laws"
1666,1995,"The Brady Bunch Movie"
1674,2003,"Kiss Me"
1693,1998,"Sphere"
1704,2004,"The Three Musketeers"
1708,1936,"Modern Times"
1709,1981,"Clash of the Titans"
1742,2003,"High Life"
1743,1979,"The Warriors"
1744,1984,"Beverly Hills Cop"
1756,1974,"Murder on the Orient Express"
1770,1995,"Trainspotting"
1792,1998,"Psycho"
1798,1987,"Lethal Weapon"
1804,2002,"The Twilight Samurai"
1810,1998,"U.S. Marshals"
1814,1998,"Dance with Me"
1819,1998,"Species II"
1822,1996,"Good Luck"
1826,1996,"Terminal"
1843,1994,"Beverly Hills Cop III"
1853,1974,"Death Wish"
1860,1995,"Shall We Dance?"
1865,2004,"Eternal Sunshine of the Spotless Mind"
1867,1999,"Annie"
1893,1977,"Fun with Dick and Jane"
1934,2002,"Widows"
1943,2004,"Premonition"
1946,2004,"Spartacus"
1962,2004,"50 First Dates"
1963,2000,"Beautiful Creatures"
1965,1998,"Slam"
1967,1964,"Diary of a Chambermaid"
2008,2005,"Hercules"
2013,2002,"Borderline"
2015,2002,"Talk to Her"
2019,2004,"Samurai Champloo"
2021,1922,"Robin Hood"
2024,1983,"Jane Eyre"
2037,1985,"Fright Night"
2055,1994,"Andaz Apna Apna"
2072,1989,"K-9"
2078,2002,"Half Past Dead"
2103,1999,"Sunshine"
2104,1989,"Kickboxer"
2109,1982,"Grease 2"
2112,2003,"Identity"
2122,1999,"Being John Malkovich"
2128,1993,"Rudy"
2133,1997,"Rebecca"
2135,1997,"Nothing to Lose"
2136,2001,"Not Another Teen Movie"
2152,2000,"What Women Want"
2153,1993,"Free Willy"
2181,1988,"A Better Tomorrow II"
2186,1995,"Bad Boys"
2212,1993,"The Secret Garden"
2243,1996,"Alaska"
2285,1996,"Unforgettable"
2316,1983,"Breathless"
2325,1943,"Lassie Come Home"
2337,1997,"Double Team"
2342,2004,"Super Size Me"
2372,2004,"The Bourne Supremacy"
2385,1999,"Center Stage"
2391,2004,"Along Came Polly"
2395,1996,"Scream"
2442,1972,"Godzilla vs. Gigan"
2453,2001,"Happy End"
2456,1964,"A Fistful of Dollars"
2457,2004,"A Cinderella Story"
2459,1967,"Son of Godzilla"
2482,1994,"My Girl 2"
2515,1994,"Hum Aapke Hain Koun"
2526,1998,"Kuch Kuch Hota Hai"
2527,2001,"Quicksand"
2531,2001,"Jericho"
2537,2005,"Paheli"
2551,1999,"Trigun"
2558,2002,"Irreversible"
2579,1969,"The Young Girls of Rochefort"
2606,1965,"The Collector"
2617,2002,"Ghost Ship"
2627,2000,"Ringu 0"
2628,1999,"Now and Then"
2647,1973,"Sisters"
2680,2002,"Spy Kids 2: The Island of Lost Dreams"
2685,1986,"Power"
2699,2003,"The Missing"
2705,2001,"How High"
2734,2001,"From Hell"
2743,2002,"The Pianist"
2755,1974,"The Longest Yard"
2775,2002,"Friday After Next"
2780,1998,"Dark City"
2782,1995,"Braveheart"
2791,1999,"The Adventures of Elmo in Grouchland"
2800,2001,"Serendipity"
2803,1995,"Pride and Prejudice"
2813,2004,"Bad Education"
2837,1989,"Story of Women"
2851,1993,"Falling Down"
2854,1989,"I"
2866,1999,"Message in a Bottle"
2874,2003,"Elf"
2878,2002,"Now and Then"
2896,1980,"The Last Metro"
2897,1990,"Gremlins 2: The New Batch"
2908,1994,"Richie Rich"
2918,2003,"Momentum"
2961,1999,"Inferno"
2966,2002,"Awara Paagal Deewana"
2969,1998,"The Suspect"
3038,1992,"Royal Tramp"
3044,2003,"The Inheritance"
3077,1997,"Turbulence"
3092,2004,"The Hollow"
3106,1990,"Ghost"
3115,2001,"Kabhi Khushi Kabhie Gham"
3124,1953,"Titanic"
3138,2004,"Blade: Trinity"
3153,1965,"Doctor Zhivago"
3161,2001,"Scary Movie 2"
3162,2004,"Hardcore"
3170,2002,"Together"
3197,2004,"Around the World in 80 Days"
3198,1991,"The Addams Family"
3205,1990,"Mirror Mirror"
3210,1998,"Jack Frost"
3217,1991,"Robin Hood"
3253,1998,"The Opposite of Sex"
3274,1998,"Half Baked"
3282,2004,"Sideways"
3284,1998,"Last Breath"
3290,1974,"The Godfather"
3296,2004,"Once Upon a Time"
3320,2002,"About a Boy"
3322,1959,"The Mysterians"
3367,2001,"The Last Kiss"
3368,2000,"The Family Man"
3378,1999,"Southpaw"
3385,2002,"28 Days Later"
3427,2002,"Men in Black II"
3434,2002,"The Mothman Prophecies"
3446,2002,"Spirited Away"
3461,2001,"The Iron Ladies"
3466,2001,"Spy Kids"
3495,1993,"Batman: Mask of the Phantasm"
3496,1998,"Vampires"
3500,2000,"Drunken Master"
3519,1997,"Area 51"
3546,1967,"Speed Racer"
3554,1924,"The Last Laugh"
3579,2003,"2 Fast 2 Furious"
3590,1963,"Jason and the Argonauts"
3593,1988,"My Neighbor Totoro"
3615,1946,"Beauty and the Beast"
3624,2003,"The Last Samurai"
3631,1993,"Nemesis"
3638,2003,"Bad Boys II"
3673,1998,"Coming Home"
3675,2002,"The Guys"
3708,1988,"The Beast"
3712,2000,"Il Mare"
3725,1988,"The Seventh Sign"
3740,1931,"Dracula"
3753,2003,"Red Riding Hood"
3766,1988,"18 Again"
3782,1990,"Flatliners"
3824,1998,"Fear and Loathing in Las Vegas"
3825,2002,"The Sum of All Fears"
3837,2001,"Yu-Gi-Oh!"
3862,1987,"Superman IV: The Quest for Peace"
3864,2005,"Batman Begins"
3870,1998,"Affliction"
3875,2004,"The Motorcycle Diaries"
3879,1995,"Ghost in the Shell"
3886,1997,"Live Flesh"
3893,1996,"The People vs. Larry Flynt"
3899,1996,"Comrades: Almost a Love Story"
3905,2001,"The Others"
3907,1998,"Madeline"
3920,1998,"I Still Know What You Did Last Summer"
3923,1997,"Beverly Hills Ninja"
3942,1988,"Crocodile Dundee 2"
3943,1998,"Hitman"
3948,2000,"Safe House"
3966,2004,"Friday Night Lights"
3972,1984,"Police Academy: Special Edition"
3988,1998,"Wrongfully Accused"
4012,1999,"Random Hearts"
4015,2001,"The Road to Love"
4031,1995,"Mortal Kombat: The Movie"
4034,1997,"Lifeline"
4040,1993,"Tales of the City"
4056,2001,"Planet of the Apes"
4064,1998,"The Big Hit"
4109,2000,"American Psycho"
4127,1994,"The Flintstones"
4130,2005,"Happily Ever After"
4136,1993,"Teenage Mutant Ninja Turtles III"
4144,2001,"The Brothers"
4149,2004,"Scooby-Doo 2: Monsters Unleashed"
4171,1996,"Mars Attacks!"
4196,2002,"What to Do in Case of Fire"
4214,1996,"The Mirror Has Two Faces"
4216,2001,"Jurassic Park III"
4225,1999,"Life"
4234,1989,"As Tears Go By"
4247,1998,"Velvet Goldmine"
4248,1981,"Conan the Barbarian"
4262,1999,"Sleepy Hollow"
4283,1979,"The Main Event"
4285,1996,"Flipper"
4288,1989,"The Master"
4289,1985,"Police Academy 2: Their First Assignment"
4302,1982,"An Officer and a Gentleman"
4308,1999,"Beauty and the Beast"
4320,1966,"A Man and a Woman"
4330,1995,"While You Were Sleeping"
4334,1998,"Point Blank"
4338,2003,"Hazaaron Khwaishein Aisi"
4341,2002,"The Scorpion King"
4348,2002,"The Twelve Kingdoms"
4356,2002,"Road to Perdition"
4370,2000,"Miracles"
4379,1999,"Ringu 2"
4384,2004,"Dawn of the Dead"
4387,2005,"Nobody Knows"
4389,2003,"A Man Apart"
4402,1984,"A Nightmare on Elm Street"
4404,1999,"Khoobsurat"
4429,2002,"Undisputed"
4430,1996,"Shanghai Grand"
4432,2003,"The Italian Job"
4441,1996,"The Last Supper"
4443,1989,"City Hunter: .357 Magnum"
4461,2002,"Godzilla Against Mechagodzilla"
4472,2003,"Love Actually"
4479,1980,"Ordinary People"
4493,2003,"Ju-on: The Grudge"
4542,1977,"Anna Karenina"
4546,2004,"Chasing Liberty"
4577,1989,"Steel Magnolias"
4580,1973,"Scarecrow"
4587,1999,"Baby Geniuses"
4627,1932,"Little Women"
4628,1996,"Kolya"
4633,1982,"Gandhi"
4640,1988,"Rain Man"
4641,2002,"Tully"
4656,2000,"Erin Brockovich"
4670,1999,"Wild Wild West"
4683,2000,"Proof of Life"
4686,1990,"Hard to Kill"
4695,2002,"So Close"
4727,1979,"Apocalypse Now Redux"
4733,2003,"Faster"
4739,1988,"Mystic Pizza"
4740,1986,"The Golden Child"
4752,2000,"Dancer in the Dark"
4770,1962,"The Trial"
4778,1994,"Reality Bites"
4781,1986,"Cobra"
4790,2001,"Tortilla Soup"
4791,1940,"Pinocchio"
4805,1993,"True Romance"
4829,2004,"Shaun of the Dead"
4833,2003,"Timeline"
4847,1989,"Glory"
4852,1997,"U Turn"
4862,1992,"Sneakers"
4867,1986,"The Karate Kid Part II"
4883,1992,"The Bodyguard"
4887,1977,"The Hills Have Eyes"
4904,1993,"Manhattan Murder Mystery"
4906,1999,"Stuart Little"
4907,2000,"Grass"
4925,1989,"God of Gamblers"
4931,2004,"Catwoman"
4943,1984,"Against All Odds"
4956,1989,"Back to the Future Part II"
4972,2003,"Paycheck"
4981,1979,"Dracula"
4995,2002,"Crossroads"
4998,1948,"Anna Karenina"
5004,2001,"Nowhere in Africa"
5013,1992,"Under Suspicion"
5018,2001,"Fruits Basket"
5020,2003,"Johnny English"
5039,2003,"Detention"
5050,1953,"Roman Holiday"
5054,1996,"Mission: Impossible"
5063,1997,"Mouse Hunt"
5083,1986,"The Worst Witch"
5087,1999,"Mystery"
5105,1985,"Just One of the Guys"
5112,2000,"What Lies Beneath"
5116,1955,"Queen Bee"
5121,2003,"The Medallion"
5124,1956,"Rodan"
5137,1985,"Out of Africa"
5140,1993,"Fearless"
5154,2005,"Constantine"
5187,1968,"Funny Girl"
5217,1991,"Rhapsody in August"
5223,1999,"Girl"
5227,2001,"Angel Eyes"
5239,2005,"The Longest Yard"
5243,2000,"Romeo Must Die"
5245,2000,"Malena"
5250,1986,"The Money Pit"
5259,2000,"Deep Water"
5272,1953,"Invaders from Mars"
5283,2002,"Hellsing"
5287,1967,"Bonnie and Clyde"
5293,1992,"Patriot Games"
5295,1955,"The Swindle"
5304,1998,"Vanity Fair"
5317,2000,"Miss Congeniality"
5333,2002,"Big Fat Liar"
5338,1986,"A Better Tomorrow"
5339,1982,"Venom"
5345,2004,"Shark Tale"
5350,1985,"Vagabond"
5354,1961,"The Intruder"
5355,1937,"A Star Is Born"
5358,1974,"Land of the Lost"
5361,1988,"Masquerade"
5384,1989,"The Killer"
5390,2004,"Anacondas: The Hunt for the Blood Orchid"
5401,2004,"Dodgeball: A True Underdog Story"
5412,2004,"Possessed"
5434,2000,"Mission to Mars"
5448,2002,"Jackass: The Movie"
5454,2000,"Time and Tide"
5459,2000,"Code Unknown"
5467,2004,"Intimate Strangers"
5496,2004,"I"
5509,1978,"The End"
5513,1990,"Mr. Bean: The Whole Bean"
5561,1967,"Cool Hand Luke"
5571,1976,"Rocky"
5589,2002,"The Time Machine"
5601,1962,"The Manchurian Candidate"
5613,1994,"Loaded"
5621,1994,"Naked Gun 33 1/3: The Final Insult"
5628,1996,"The Nutty Professor"
5640,1990,"Once a Thief"
5651,1992,"Boomerang"
5658,2001,"The Experiment"
5665,1987,"The Secret of My Success"
5667,2005,"Son of the Mask"
5672,1997,"The Borrowers"
5683,1943,"Sahara"
5686,1993,"Nowhere to Run"
5695,2003,"Bad Santa"
5704,1997,"Seven Years in Tibet"
5708,2000,"The Art of War"
5730,2005,"XXX: State of the Union"
5741,1970,"Trash"
5751,2002,"Eight Crazy Nights"
5775,1992,"Scent of a Woman"
5778,1990,"The Godfather"
5793,2003,"Underworld"
5814,2002,"One Hour Photo"
5836,2004,"Win a Date with Tad Hamilton!"
5845,1978,"Midnight Express"
5862,2000,"Memento"
5876,1961,"Two Women"
5881,2001,"Lagaan"
5899,1991,"Rush"
5907,1956,"Godzilla: King of the Monsters"
5912,1990,"I"
5920,1981,"Eyewitness"
5924,2000,"Snatch"
5939,2001,"The Mummy Returns"
5946,1977,"Saturday Night Fever"
5963,1925,"The Gold Rush"
5991,2005,"Sin City"
6005,2001,"Baby Boy"
6014,2005,"House of Wax"
6024,2005,"Brothers"
6029,2001,"Amelie"
6034,2004,"Open Water"
6037,2002,"The Bourne Identity"
6044,1991,"The Pianist"
6068,1993,"Addams Family Values"
6105,2000,"Paranoid"
6133,1984,"Red Dawn"
6134,2004,"Collateral"
6161,2004,"Criminal"
6206,2002,"My Big Fat Greek Wedding"
6221,1997,"Donnie Brasco"
6223,1991,"Point Break"
6235,2002,"A Walk to Remember"
6238,2001,"Lip Service"
6240,1990,"Awakenings"
6243,1994,"It Could Happen to You"
6251,2002,"Cowboy Bebop: The Movie"
6255,2005,"Bewitched"
6266,1996,"Michael"
6268,1998,"Lost in Space"
6274,1990,"The Hunt for Red October"
6275,1937,"Heidi"
6291,1976,"King Kong"
6315,1989,"Friday the 13th: Part 8: Jason Takes Manhattan"
6321,1972,"Emma"
6323,2002,"Yesterday"
6350,1998,"Rush Hour"
6362,2002,"Spirit: Stallion of the Cimarron"
6370,2000,"Joseph: King of Dreams"
6372,1989,"Best of the Best"
6404,1990,"Pet Sematary 2"
6405,2002,"H"
6437,2005,"Boogeyman"
6451,2002,"Killing Me Softly"
6475,2004,"Spanglish"
6482,1984,"Gremlins"
6487,2004,"Spiral"
6507,1997,"The Kid"
6536,1972,"Panda! Go Panda!"
6537,2002,"Lucky"
6545,2004,"Infernal Affairs"
6556,1996,"Romeo + Juliet"
6574,1992,"Single White Female"
6580,1989,"Get Smart"
6584,2003,"Zelary"
6585,1999,"Virus"
6588,2004,"Warriors of Heaven and Earth"
6599,1985,"The Jewel of the Nile"
6615,1994,"Legends of the Fall"
6620,1984,"American Dreamer"
6648,2001,"Ichi the Killer"
6650,1991,"Dragon Ball Z: Lord Slug"
6666,1996,"The Frighteners"
6670,2001,"The Glass House"
6674,2002,"Parental Guidance"
6675,2001,"Advertising Rules!"
6687,1999,"Deep Blue Sea"
6696,1976,"Quincy"
6701,1995,"Haunted"
6702,1987,"Roxanne"
6708,1996,"The Craft"
6718,1997,"Red Corner"
6720,2001,"Black Hawk Down"
6736,2005,"Robots"
6742,1957,"3:10 to Yuma"
6760,2002,"Divine Secrets of the Ya-Ya Sisterhood"
6771,1998,"Urban Legend"
6782,2003,"Easy"
6797,1985,"The Breakfast Club"
6833,1995,"Billy Madison"
6840,2002,"Pinocchio"
6844,2001,"The Fast and the Furious"
6848,2002,"Mr. Bean: The Animated Series"
6861,1936,"Sabotage"
6886,2004,"The Dreamers"
6927,1969,"The Italian Job"
6931,2003,"Terminator 3: Rise of the Machines"
6965,1996,"Robinson Crusoe"
6974,1995,"The Usual Suspects"
6978,1996,"The Cable Guy"
6994,2000,"The Whole Nine Yards"
6996,1991,"Madame Bovary"
7032,2002,"Austin Powers in Goldmember"
7070,1968,"Once Upon a Time in the West"
7085,2002,"Lupin the 3rd: Dragon of Doom"
7100,2005,"Auschwitz: Inside the Nazi State"
7125,1988,"Bloodsport"
7131,1982,"Night Shift"
7138,1985,"The Protector"
7140,2003,"Godzilla: Tokyo S.O.S."
7142,1996,"Barb Wire"
7152,1989,"Breaking In"
7155,1993,"The Pelican Brief"
7165,1998,"Blues Brothers 2000"
7172,1987,"Prince of Darkness"
7184,2005,"Racing Stripes"
7209,1995,"It Takes Two"
7213,1999,"I"
7219,1987,"The Untouchables"
7233,1986,"Stand by Me"
7234,2000,"Men of Honor"
7240,1987,"Beverly Hills Cop II"
7249,2004,"Alfie"
7331,2004,"Secret Window"
7339,2002,"The Code"
7345,1991,"God of Gamblers II"
7347,1991,"My Own Private Idaho"
7351,2002,"Pinocchio"
7354,1996,"Solo"
7356,1998,"Deep Impact"
7364,1989,"Driving Miss Daisy"
7401,1997,"Picture Perfect"
7434,1993,"Swing Kids"
7441,2003,"Perfect Strangers"
7442,1999,"Beowulf"
7502,2000,"Waiting"
7521,2000,"Scary Movie"
7541,2001,"Kevin James: Sweat the Small Stuff"
7545,1989,"The War of the Roses"
7566,1985,"Friday the 13th: Part 5: A New Beginning"
7590,1987,"Fatal Attraction"
7610,1973,"Benji"
7615,1988,"Killer Klowns from Outer Space"
7617,1987,"Dirty Dancing"
7624,1986,"Top Gun"
7627,2003,"Once Upon a Time in Mexico"
7635,2004,"Anchorman: The Legend of Ron Burgundy"
7642,1940,"Rebecca"
7673,1988,"School Daze"
7706,1985,"Silverado"
7718,1995,"Rumble in the Bronx"
7735,1997,"Rurouni Kenshin"
7745,1995,"Apollo 13"
7757,1999,"Go"
7812,1932,"Freaks"
7826,1990,"Another 48 Hrs."
7844,1996,"Jack Frost"
7854,2001,"Human Nature"
7875,1998,"A Night at the Roxbury"
7885,2002,"Taken"
7952,2000,"Dune"
7987,2003,"Wrong Turn"
8014,2002,"All About the Benjamins"
8016,1999,"Eyes Wide Shut"
8020,1989,"Dead Calm"
8024,2000,"Divided We Fall"
8046,1993,"Menace II Society"
8066,2003,"Amandla! A Revolution in Four Part Harmony"
8118,1997,"Spawn: The Movie"
8153,1999,"The Coroner"
8163,2004,"Two Brothers"
8174,2001,"Bully"
8181,1995,"The Net"
8206,1995,"All Things Fair"
8231,2002,"Hop"
8233,1968,"Destroy All Monsters"
8250,2001,"The Order"
8259,1994,"On Deadly Ground"
8264,1921,"The Three Musketeers"
8290,1995,"Truman"
8294,2003,"Remember Me"
8303,1994,"Pom Poko"
8333,2004,"The Grudge"
8334,1997,"Conspiracy Theory"
8337,1990,"Quigley Down Under"
8357,1995,"The Bridges of Madison County"
8379,2001,"Enemy at the Gates"
8387,2002,"Minority Report"
8413,2003,"Girl with a Pearl Earring"
8437,1998,"Soldier"
8448,2003,"The Incredible Hulk"
8467,1996,"Eraser"
8469,1995,"Living in Oblivion"
8475,2004,"Fida"
8499,2003,"Pride and Prejudice"
8507,1983,"Sudden Impact"
8513,2004,"American Crime"
8518,1997,"Air Bud"
8521,2003,"The Flower of Evil"
8526,1961,"The Guns of Navarone"
8552,1983,"Bad Boys"
8563,1990,"Teenage Mutant Ninja Turtles: The Movie"
8564,2005,"Private Lives"
8565,1991,"Blood Ties"
8585,1979,"Mad Max"
8596,1995,"Seven"
8616,1996,"Passion"
8630,1985,"Death Wish 3"
8634,1964,"The Umbrellas of Cherbourg"
8638,2000,"Jason and the Argonauts"
8644,2002,"Catch Me If You Can"
8655,1998,"Blood"
8656,1993,"Godzilla vs. Mechagodzilla II"
8666,1940,"The Great Dictator"
8669,1996,"Executive Decision"
8694,1981,"Love Story"
8718,1997,"Dead Silence"
8727,1981,"Quartet"
8736,1990,"Tie Me Up! Tie Me Down!"
8743,2002,"Ice Age"
8745,1989,"Around the World in 80 Days"
8764,1996,"Happy Gilmore"
8776,1999,"The Pact"
8781,1998,"Quest for Camelot"
8809,2002,"Star Trek: Nemesis"
8813,1980,"Grown Ups"
8824,2001,"Godzilla"
8837,1997,"Cube"
8846,1999,"Election"
8881,1987,"RoboCop"
8889,1976,"Mother"
8890,1936,"Fury"
8893,1997,"Berserk"
8904,1997,"Good Will Hunting"
8927,2000,"Twelve Nights"
8945,1991,"Once Upon a Time in China"
8951,1959,"Floating Weeds"
8963,2004,"The Last King"
8981,2000,"The Nutty Professor II: The Klumps"
8989,2001,"Save the Last Dance"
9025,1993,"City Hunter"
9030,1987,"The Flaming Brothers"
9036,2003,"Dead End"
9037,1970,"Love Story"
9043,1981,"Arthur"
9049,1997,"Boogie Nights"
9056,1985,"Into the Night"
9075,1969,"Go"
9080,2000,"Autumn in New York"
9087,1992,"Hero"
9124,1996,"Underworld"
9125,2001,"Hearts in Atlantis"
9132,1991,"L.A. Story"
9141,2002,"Full Metal Panic!"
9146,1998,"The Rugrats Movie"
9178,1979,"Hardcore"
9197,2004,"D.E.B.S."
9208,1985,"Pale Rider"
9231,2003,"Love Me If You Dare"
9232,2003,"Boat Trip"
9237,1990,"The Witches"
9242,1999,"All About My Mother"
9243,1991,"Days of Being Wild"
9253,1921,"Destiny"
9254,1985,"The Goonies"
9265,1992,"Batman Returns"
9288,1995,"Sudden Death"
9294,1972,"The Mechanic"
9298,1996,"From Dusk Till Dawn"
9309,1998,"Twilight"
9329,1993,"Dennis the Menace"
9364,2002,"No Good Deed"
9368,1974,"The Texas Chainsaw Massacre"
9378,1984,"The Natural"
9381,1980,"The Elephant Man"
9389,1996,"Striptease"
9395,1998,"Les Miserables"
9415,2005,"Are We There Yet?"
9421,2000,"Anatomy"
9426,1986,"Platoon"
9428,2001,"Friend"
9433,1971,"Fiddler on the Roof"
9437,1972,"Cesar and Rosalie"
9442,2004,"The Chronicles of Riddick"
9444,1992,"King of Beggars"
9458,2005,"Kingdom of Heaven"
9470,2000,"Butterfly"
9481,1972,"Deliverance"
9485,1967,"Persona"
9487,2002,"Dragon Ball Z: The Return of Cooler"
9491,1981,"The Woman Next Door"
9531,2003,"Undefeated"
9536,1985,"The Official Story"
9548,1976,"Midway"
9565,1982,"Rocky III"
9582,1976,"I"
9593,1995,"Friday"
9595,1999,"My Father"
9601,1997,"The Wedding Party"
9607,2003,"Cromartie High School"
9613,1999,"8MM"
9614,1979,"Rocky II"
9617,1998,"Stepmom"
9621,2000,"Shaft"
9645,2003,"Daddy Day Care"
9666,1963,"The Silence"
9683,2002,"Rings"
9685,2000,"28 Days"
9694,2003,"Melvin Goes to Dinner"
9710,1968,"Stolen Kisses"
9728,1997,"As Good as It Gets"
9756,2002,"Mr. Deeds"
9759,1998,"Hush"
9771,2005,"Black"
9774,1992,"Twin Peaks: Fire Walk With Me"
9800,2001,"Shallow Hal"
9801,1935,"Anna Karenina"
9821,2003,"Pulse"
9828,1981,"Stripes"
9841,2003,"The Order"
9855,2004,"The Ranch"
9863,2000,"The 6th Day"
9879,1985,"The Aviator"
9882,1997,"The Fifth Element"
9939,2005,"Monster-in-Law"
9950,1983,"Flashdance"
9958,1947,"Monsieur Verdoux"
9960,1988,"Die Hard"
9962,1943,"Titanic"
9963,1993,"Daybreak"
9981,1990,"Twister"
10007,2000,"Two Brothers"
10033,1991,"Teenage Mutant Ninja Turtles II: The Secret of the Ooze"
10038,1990,"Lionheart"
10078,1993,"Indecent Proposal"
10102,1996,"Mother"
10116,2004,"Chameli"
10117,1986,"84 Charing Cross Road"
10123,1996,"Broken Arrow"
10126,1988,"Midnight Run"
10147,1954,"Taxi Driver"
10154,2003,"Rita"
10162,1973,"Papillon"
10168,2003,"The League of Extraordinary Gentlemen"
10170,2001,"American Pie 2"
10207,1991,"God of Gamblers III: Back to Shanghai"
10209,1994,"No Escape"
10217,1995,"The Babysitter"
10222,1953,"The War of the Worlds"
10225,1993,"Groundhog Day"
10229,2004,"Vanity Fair"
10231,2004,"Kung Fu Hustle"
10237,1990,"All About Ah-Long"
10251,2005,"Samurai 7"
10274,1989,"Road House"
10276,1950,"Rashomon"
10282,1998,"Godzilla"
10294,1974,"The Towering Inferno"
10295,1975,"Shivers"
10298,2003,"The Gospel of John"
10329,2004,"Doing Hard Time"
10344,1986,"Crocodile Dundee"
10350,1979,"Love on the Run"
10359,1999,"Runaway Bride"
10367,1971,"Everything You Always Wanted to Know About Sex But Were Afraid to Ask"
10368,2001,"Triangle"
10379,2001,"The Score"
10382,1993,"Heidi"
10391,1999,"The Bridge"
10392,1998,"The Thin Red Line"
10396,1999,"After Life"
10421,2003,"Scary Movie 3"
10429,2003,"Final Destination 2"
10436,2000,"Road Trip"
10439,1928,"The Circus"
10443,1963,"Bay of Angels"
10446,1993,"The Remains of the Day"
10451,1971,"A Clockwork Orange"
10463,1995,"Fist of the North Star"
10469,2002,"Malevolent"
10486,1988,"Friday the 13th: Part 7: The New Blood"
10529,1956,"The Rainmaker"
10546,1973,"Season of the Witch"
10582,2003,"Oldboy"
10596,2003,"National Security"
10607,2002,"We Were Soldiers"
10608,1999,"Trick"
10615,1979,"Opening Night"
10617,1963,"Contempt"
10627,1978,"Dawn of the Dead"
10661,1953,"Tokyo Story"
10662,1988,"Akira"
10665,2003,"The Hero"
10673,1991,"Hot Shots!"
10678,1962,"Gypsy"
10684,1970,"Hercules in New York"
10730,2002,"Gangs of New York"
10732,1971,"The Beguiled"
10748,1987,"Hamburger Hill"
10769,1979,"The Legacy"
10774,1976,"Taxi Driver"
10775,1963,"The Haunting"
10785,2000,"U-571"
10817,2004,"Gantz"
10820,1985,"Back to the Future"
10832,1960,"Psycho"
10838,2001,"Transcendence"
10872,1990,"Bird on a Wire"
10886,1995,"Waterworld"
10888,1990,"Dil"
10894,2001,"Ali"
10897,1978,"Don"
10899,2005,"The Wedding Date"
10906,2004,"Cellular"
10920,1968,"Bullitt"
10921,2003,"Just Married"
10922,1974,"The Little Prince"
10928,1994,"Ace Ventura: Pet Detective"
10934,1999,"My Neighbors the Yamadas"
10950,1966,"I"
10970,1986,"Castle in the Sky"
11000,1947,"Possessed"
11030,2003,"Ong-Bak: The Thai Warrior"
11042,1978,"Coming Home"
11044,1961,"Lola"
11047,1995,"Outbreak"
11049,2002,"Women vs. Men"
11064,1994,"Pulp Fiction"
11076,1992,"The Heroic Trio"
11077,2004,"Meet the Fockers"
11080,1998,"The Patriot"
11090,1999,"Stir of Echoes"
11109,2003,"Chalte Chalte"
11132,2003,"The Texas Chainsaw Massacre"
11139,1992,"Passenger 57"
11140,2000,"Peter Pan"
11149,2002,"Maid in Manhattan"
11152,1998,"American History X"
11165,1968,"2001: A Space Odyssey"
11169,1985,"Wuthering Heights"
11171,1978,"Jaws 2"
11182,2003,"Master and Commander: The Far Side of the World"
11183,1991,"White Fang"
11211,1997,"Under the Skin"
11213,1998,"Apt Pupil"
11214,1987,"La Bamba"
11218,1995,"Now and Then"
11222,1994,"Red"
11226,2002,"8 Women"
11227,1969,"True Grit"
11246,2000,"Possessed"
11264,2000,"Backstage"
11274,1962,"Cartouche"
11277,1997,"The Rainmaker"
11279,2000,"Frequency"
11283,1994,"Forrest Gump"
11284,2002,"Casino"
11292,1949,"Little Women"
11295,1997,"Perfect Blue"
11307,2003,"The Barbarian Invasions"
11314,2004,"The Manchurian Candidate"
11325,1999,"Instinct"
11337,1999,"American Pie"
11385,2004,"Unstoppable"
11398,1980,"Airplane!"
11401,1999,"The Thirteenth Floor"
11441,2002,"Alone"
11443,2002,"Harry Potter and the Chamber of Secrets"
11446,1994,"Little Women"
11466,2000,"Nightfall"
11468,2004,"Layer Cake"
11485,1980,"The Blue Lagoon"
11495,1975,"The Stepford Wives"
11496,1983,"Staying Alive"
11499,1960,"Peter Pan"
11526,1963,"The Nutty Professor"
11531,2001,"Conspiracy"
11555,2002,"Swept Away"
11573,1963,"The Great Escape"
11601,1999,"The Wishing Tree"
11604,1992,"The Lover"
11606,2003,"Memories of Murder"
11607,2005,"Hotel Rwanda"
11612,1998,"What Dreams May Come"
11614,1999,"Flawless"
11648,1997,"Good Burger"
11663,2000,"Final Destination"
11665,1999,"Hide and Seek"
11666,1975,"Breakout"
11677,2001,"Swordfish"
11678,1992,"Gladiator"
11681,2001,"Focus"
11683,1967,"Casino Royale"
11696,1999,"Galaxy Quest"
11702,1988,"Hairspray"
11713,1999,"Dark Shadows"
11714,2000,"Love"
11722,2003,"Luther"
11724,1994,"The Paper"
11751,1977,"Suspiria"
11754,1945,"Spellbound"
11771,2003,"Dreamcatcher"
11779,1994,"Priest"
11781,1984,"Indiana Jones and the Temple of Doom"
11785,1980,"Pride and Prejudice"
11789,1994,"Nell"
11804,1974,"The Great Gatsby"
11812,2004,"Million Dollar Baby"
11820,2003,"Sylvia"
11822,1991,"The Super"
11825,1921,"The Kid"
11845,1955,"Summertime"
11850,2003,"Dumb and Dumberer: When Harry Met Lloyd"
11852,1991,"Return to the Blue Lagoon"
11859,1996,"Star Trek: First Contact"
11881,1993,"For Love or Money"
11882,1954,"Sabrina"
11888,1993,"In the Line of Fire"
11910,2004,"Torque"
11929,1997,"Anaconda"
11933,1990,"Agneepath"
11952,1999,"Chaos"
11970,1974,"Black Christmas"
11991,2001,"Uncorked"
12003,1998,"The X-Files: Fight the Future"
12014,1997,"I Know What You Did Last Summer"
12034,1980,"The Shining"
12047,2000,"Mission: Impossible II"
12052,1996,"Primal Fear"
12056,2004,"Twisted"
12071,1995,"Mallrats"
12072,1987,"Project X"
12076,1989,"Blaze"
12077,1994,"Blown Away"
12079,1991,"Project A 2"
12086,1983,"Blue Thunder"
12098,1975,"The Secret Garden"
12118,2001,"Sleepless"
12124,1959,"The Mummy"
12130,1977,"Eraserhead"
12146,1983,"Dark Habits"
12149,1997,"Speed 2: Cruise Control"
12155,2004,"Spider-Man 2"
12161,2003,"Big Fish"
12171,2000,"Battlefield Earth"
12173,1932,"The Mummy"
12183,1971,"Donkey Skin"
12188,1993,"The Age of Innocence"
12221,1983,"The Outsiders"
12230,2002,"Conviction"
12232,2003,"Lost in Translation"
12234,1967,"Point Blank"
12238,2002,"40 Days and 40 Nights"
12277,2000,"Rugrats in Paris: The Movie"
12293,1972,"The Godfather"
12299,2001,"Along Came a Spider"
12338,2004,"Harry Potter and the Prisoner of Azkaban"
12343,1988,"Coming to America"
12347,1988,"Short Circuit 2"
12349,1993,"Super Mario Bros."
12355,2001,"A.I. Artificial Intelligence"
12357,1998,"Ride"
12367,2005,"Rize"
12376,1988,"The Dead Pool"
12396,1992,"The Heroic Legend of Arslan"
12399,1998,"Practical Magic"
12427,1987,"The Quick and the Dead"
12430,2000,"The Kid"
12470,1996,"Twister"
12471,2002,"8 Mile"
12473,1999,"October Sky"
12476,2002,"Blade 2"
12493,2001,"Spy Game"
12494,2001,"Behind Enemy Lines"
12497,2000,"Bring It On"
12501,1984,"The NeverEnding Story"
12506,1974,"Godzilla vs. Mechagodzilla"
12509,1974,"Swept Away"
12513,1998,"Star Trek: Insurrection"
12516,1983,"Lovesick"
12534,2005,"Steamboy"
12582,2003,"Mystic River"
12585,1937,"Dead End"
12597,1944,"Once Upon a Time"
12604,2000,"Hangman"
12640,2000,"Godzilla vs. Megaguirus"
12656,1997,"Drive"
12663,2003,"The Foreigner"
12666,1992,"Blown Away"
12672,2001,"John Q"
12675,1989,"The Abyss"
12690,2002,"Hero"
12694,2005,"The Interpreter"
12711,1952,"Limelight"
12741,1994,"The Specialist"
12747,2001,"Time Out"
12748,1994,"Star Trek: Generations"
12767,1997,"Mr. Nice Guy"
12838,1999,"The Boondock Saints"
12843,1986,"Big Trouble in Little China"
12850,2003,"Love"
12853,1967,"Double Trouble"
12890,1976,"Carrie"
12894,1960,"The Time Machine"
12899,1976,"Pinocchio"
12911,1999,"Double Jeopardy"
12918,1997,"Men in Black"
12926,1988,"Red Heat"
12940,1997,"Event Horizon"
12950,1973,"Love & Anarchy"
12962,2000,"Phir Bhi Dil Hai Hindustani"
12966,2004,"The Aviator"
12975,1997,"Open Your Eyes"
12992,2005,"Socha Na Tha"
12997,2004,"Seed of Chucky"
13007,1975,"Dog Day Afternoon"
13012,2003,"Genius"
13015,1987,"The Lost Boys: Special Edition"
13024,1973,"Scream"
13043,1986,"Hard Lessons"
13050,2002,"Two Weeks Notice"
13051,2004,"Ghost in the Shell: Stand Alone Complex"
13058,1991,"Backdraft"
13074,2002,"The Transporter"
13077,1981,"Friday the 13th: Part 2"
13081,2004,"Troy"
13128,1987,"Wall Street"
13135,1976,"Assault on Precinct 13"
13176,2002,"Respiro"
13189,2002,"Cypher"
13195,1997,"Austin Powers: International Man of Mystery"
13200,1995,"Night Hunter"
13219,1996,"Jane Eyre"
13248,1993,"Last Action Hero"
13261,1977,"The Deep"
13273,2004,"House of Flying Daggers"
13300,1958,"Thunder Road"
13304,1994,"Little Giants"
13311,1989,"Lock Up"
13312,2003,"Anastasia"
13318,2003,"The Core"
13336,2000,"Merci Pour Le Chocolat"
13363,1986,"Saint Seiya"
13384,1979,"Kramer vs. Kramer"
13388,1960,"Breathless"
13391,1994,"True Lies"
13393,1990,"Alice"
13404,1968,"Shame"
13412,2000,"Billy Elliot"
13418,1989,"Ghostbusters 2"
13428,1969,"Dracula"
13433,1999,"Blue Streak"
13437,2002,"Dogtown and Z-Boys"
13453,1994,"Queen Margot"
13464,2002,"Quicksand"
13465,2000,"In the Beginning"
13476,2001,"Chaos"
13486,1998,"Out of Sight"
13500,2002,"Skins"
13501,1985,"Rocky IV"
13513,1986,"No Mercy"
13524,2002,"Enough"
13542,1973,"Sleeper"
13565,2004,"You Got Served"
13567,2001,"Battle Royale"
13607,1992,"Stop! Or My Mom Will Shoot"
13614,1999,"Office Space"
13622,1994,"The Client"
13623,1966,"Closely Watched Trains"
13653,1986,"The Wraith"
13676,1994,"Amateur"
13680,1999,"Red Dwarf"
13705,1992,"Basic Instinct"
13707,1983,"Scarface"
13728,2000,"Gladiator"
13733,2000,"Fiza"
13748,1996,"The First Wives Club"
13771,2001,"Heist"
13783,1986,"Fist of the North Star"
13784,1968,"The Producers"
13795,1997,"The Jackal"
13827,2001,"Riding in Cars with Boys"
13865,1998,"Mercury Rising"
13886,2002,"Jason X"
13923,2000,"Cast Away"
13924,2004,"Slasher"
13930,2005,"A Lot Like Love"
13996,1979,"When a Stranger Calls"
14006,1990,"Loose Cannons"
14029,1986,"Betty Blue"
14044,2000,"Edge of Seventeen"
14047,2003,"Tears of the Sun"
14060,2004,"Alexander: Theatrical Cut"
14062,1980,"Humanoids from the Deep"
14068,1982,"Angel"
14103,2004,"The Notebook"
14109,1990,"Total Recall"
14124,1987,"Beauty and the Beast"
14126,2002,"Fear Dot Com"
14141,1993,"Gypsy"
14146,1996,"The Chamber"
14158,1989,"The Package"
14172,1964,"Kiss Me"
14178,1998,"Tango"
14192,1997,"Starship Troopers"
14203,1995,"Batman Forever"
14209,2000,"Pitch Black"
14210,1988,"Grave of the Fireflies"
14212,1994,"Only You"
14242,1966,"Alfie"
14254,1977,"A Bridge Too Far"
14265,1993,"The Crush"
14269,1974,"The Gambler"
14277,2002,"The Piano Teacher"
14293,1965,"Alphaville"
14300,1992,"City of Joy"
14312,1993,"Jurassic Park"
14313,2000,"The Patriot"
14358,1975,"Monty Python and the Holy Grail"
14362,1980,"Battle Creek Brawl"
14364,2003,"What a Girl Wants"
14403,1996,"The Long Kiss Goodnight"
14407,2001,"The Last Castle"
14410,2002,"Spider-Man"
14421,1997,"The Gambler"
14423,1998,"Wind River"
14448,1998,"The Staircase"
14456,1966,"The Professionals"
14459,1989,"Uncle Buck"
14467,2003,"In the Cut"
14482,1995,"12 Monkeys"
14483,1954,"White Christmas"
14484,1988,"The Naked Gun"
14500,1968,"Heidi"
14507,1999,"Any Given Sunday"
14513,1996,"Daylight"
14527,2001,"Hannibal"
14535,1994,"From Beijing with Love"
14538,2003,"How to Lose a Guy in 10 Days"
14553,1978,"Les Miserables"
14555,1982,"Parasite"
14560,1950,"Kon-Tiki"
14564,1995,"Balto"
14565,1971,"Two English Girls"
14593,1993,"My Life"
14596,2002,"The Outsider"
14599,1965,"The Shop on Main Street"
14602,1995,"Sabrina"
14618,1998,"The Truman Show"
14623,1971,"Godzilla vs. Hedorah"
14642,1952,"High Noon"
14644,2004,"The Stepford Wives"
14646,1989,"Pet Sematary"
14654,1991,"Bugsy"
14664,1986,"Labyrinth"
14667,1989,"Field of Dreams"
14670,1989,"Batman"
14671,2004,"Downfall"
14691,1999,"The Matrix"
14712,2001,"Tomb Raider"
14723,2002,"Darkness"
14725,1999,"Austin Powers: The Spy Who Shagged Me"
14728,1950,"Quicksand"
14732,1999,"Butterfly"
14735,2001,"Autumn Spring"
14737,2002,"The Sweetest Thing"
14749,1980,"Heartland"
14753,1998,"Dil Se"
14755,1999,"The Blair Witch Project"
14764,1958,"The Defiant Ones"
14780,1988,"Beetlejuice"
14812,1989,"Traffik"
14816,1983,"The Entity"
14822,1997,"Anastasia"
14827,1999,"For Love of the Game"
14830,2000,"The Circle"
14844,1988,"Gotham"
14858,1995,"Babe"
14889,1995,"Species"
14890,2004,"Team America: World Police"
14898,2003,"Looney Tunes: Back in Action"
14909,1998,"City of Angels"
14922,1996,"Boys Over Flowers"
14937,2000,"Anna Karenina"
14940,2004,"Without a Paddle"
14970,1995,"Assassins"
14978,1967,"The Dirty Dozen"
14989,2004,"Yuva"
14999,2003,"Monster"
15037,1951,"The Day the Earth Stood Still"
15058,1999,"Notting Hill"
15062,1978,"Grease"
15063,2004,"White Chicks"
15064,1988,"Dangerous Liaisons"
15078,1995,"Jumanji"
15099,2003,"Kangaroo Jack"
15105,1991,"My Girl"
15116,2004,"Miracle"
15124,1996,"Independence Day"
15151,2004,"Walking Tall"
15156,1993,"The Firm"
15158,2001,"Driven"
15163,1998,"The Prince of Egypt"
15176,2002,"Joint Security Area"
15200,1995,"The Quick and the Dead"
15205,2004,"The Day After Tomorrow"
15223,2001,"Osmosis Jones"
15233,2001,"Zoolander"
15257,1997,"Lost Highway"
15258,1987,"Sam Kinison: Family Entertainment Hour"
15295,2004,"Trauma"
15345,2003,"Intolerable Cruelty"
15347,1993,"House of Cards"
15351,1972,"Superfly"
15361,2001,"Iris"
15366,1982,"The Thing"
15372,1999,"Now and Then"
15382,2000,"Sam Kinison: Breaking the Rules"
15391,1998,"Dead Silence"
15393,1999,"Big Daddy"
15394,2000,"Traffic"
15409,2004,"Eurotrip"
15421,1995,"Sense and Sensibility"
15422,1985,"Fletch"
15436,1998,"A Perfect Murder"
15444,1995,"The Indian in the Cupboard"
15465,1980,"Friday the 13th"
15467,2003,"Jhankaar Beats"
15472,1996,"Ransom"
15474,2001,"Rock Star"
15496,1969,"Easy Rider"
15503,1975,"Aloha"
15529,1997,"Money Talks"
15530,1992,"Howards End"
15538,2004,"Fullmetal Alchemist"
15539,2002,"Suicide Club"
15545,1997,"Selena"
15600,2004,"Lakshya"
15601,1996,"Gotti"
15629,2004,"The Place Promised in Our Early Days"
15643,1987,"The Secret Garden"
15659,1962,"Judy"
15678,1990,"Backtrack"
15686,1972,"The Heartbreak Kid"
15698,1995,"Fair Game"
15702,1977,"Close Encounters of the Third Kind"
15736,2003,"Raising Victor Vargas"
15756,2004,"Pride"
15769,1987,"Raw"
15782,1988,"Diary of a Big Man"
15787,2003,"My Life Without Me"
15788,2003,"Matchstick Men"
15816,1998,"Ronin"
15818,1998,"The Mask of Zorro"
15841,1979,"Watership Down"
15843,2002,"Blue Crush"
15853,2002,"Resident Evil"
15858,1966,"A Man for All Seasons"
15862,1954,"A Star Is Born"
15870,1967,"Anna Karenina"
15887,2004,"Van Helsing"
15893,1981,"Heavy Metal"
15894,1998,"The Siege"
15901,1987,"Blind Date"
15919,2004,"Hellboy"
15930,1984,"What Have I Done to Deserve This?"
15945,1996,"Space Jam"
15952,2000,"The Replacements"
15962,1996,"Maximum Risk"
15968,2000,"Bait"
15973,1999,"Hercules"
15976,2003,"Girlhood"
16004,2003,"Gangaajal"
16008,1984,"The Karate Kid"
16012,1991,"The Unborn"
16030,2001,"Wet Hot American Summer"
16035,2002,"Disappearance"
16037,2001,"Someone Like You"
16040,2002,"The Son"
16041,1995,"Safe"
16052,1940,"Fantasia"
16066,2005,"Save the Green Planet!"
16079,2003,"Dark Waters"
16082,2004,"13 Going on 30"
16094,1989,"Family Business"
16113,2005,"Miss Congeniality 2: Armed and Fabulous"
16118,1999,"The Ninth Gate"
16128,1994,"Clear and Present Danger"
16143,2000,"The Crimson Rivers"
16156,1944,"Bluebeard"
16169,1999,"The Haunting"
16181,1993,"Demolition Man"
16187,1996,"Boys"
16197,1971,"Macbeth"
16262,2005,"Assault on Precinct 13"
16268,2002,"Double Vision"
16271,1954,"Robinson Crusoe"
16281,2002,"Carrie"
16285,1992,"Porco Rosso"
16286,2002,"Red Dragon"
16306,1960,"Spartacus"
16318,1979,"Richard Pryor: Live in Concert"
16325,1968,"Planet of the Apes"
16357,2005,"Hide and Seek"
16377,1999,"The Green Mile"
16384,1993,"The Fugitive"
16390,2002,"Panic Room"
16400,2002,"The Cat Returns"
16411,1992,"Wind"
16424,2002,"The Embalmer"
16438,1998,"The Wedding Singer"
16469,2004,"Alien vs. Predator"
16506,2002,"American Idol"
16522,2004,"Shall We Dance?"
16553,1980,"Prom Night"
16561,1996,"The Flower of My Secret"
16604,1992,"Unforgiven"
16606,1996,"Fear"
16636,1985,"My Lucky Stars"
16640,2004,"Closer"
16643,1988,"The Bourne Identity"
16664,1966,"Follow Me"
16707,2003,"Old School"
16721,1972,"Dirty Harry"
16735,2003,"Teenage Mutant Ninja Turtles"
16740,1999,"Magnolia"
16771,1995,"Above Suspicion"
16784,2005,"The Sisterhood of the Traveling Pants"
16785,1961,"The Innocents"
16792,2001,"Blow"
16793,1973,"The Exorcist"
16827,2004,"One Missed Call"
16879,1997,"Titanic"
16882,2003,"Anger Management"
16890,2001,"Dark Blue World"
16901,1990,"Days of Thunder"
16903,1975,"Love and Death"
16908,1997,"Metro"
16930,2002,"The Tuxedo"
16944,2003,"Hope Springs"
16948,2004,"Bridget Jones: The Edge of Reason"
16954,1989,"Indiana Jones and the Last Crusade"
16967,1990,"Revenge"
16992,1996,"Emma"
17004,1978,"Halloween"
17008,2004,"Wimbledon"
17034,2001,"Pitch"
17064,1984,"Dune"
17074,1999,"Two Women"
17077,1963,"Flipper"
17088,2000,"Meet the Parents"
17100,2000,"The Beach"
17112,2004,"Ghost in the Shell 2: Innocence"
17117,1961,"Jules and Jim"
17131,1997,"Booty Call"
17133,1989,"All Dogs Go to Heaven"
17146,2002,"Doctor Zhivago"
17149,2003,"Gothika"
17152,2000,"Next Friday"
17157,1998,"Saving Private Ryan"
17163,1975,"Killer Elite"
17181,2005,"Land of the Dead"
17195,2003,"Peter Pan"
17212,2001,"The Road Home"
17248,1971,"Shaft"
17287,1989,"Millennium"
17293,2005,"The Ring Two"
17324,2005,"Hitch"
17330,2004,"The Punisher"
17339,1987,"Full Metal Jacket"
17343,1995,"Major Payne"
17355,2004,"The Terminal"
17381,2002,"Spellbound"
17383,1952,"Carrie"
17387,2002,"Secretary"
17398,2004,"Cursed"
17405,2005,"Sahara"
17426,1953,"Peter Pan"
17428,2002,"Eye See You"
17479,2002,"The Ring"
17481,1989,"The NeverEnding Story 2: The Next Chapter"
17482,1995,"Clueless"
17491,2002,"Like Mike"
17507,1994,"Mommy"
17508,2000,"Requiem for a Dream"
17515,2003,"LeapFrog: Letter Factory"
17530,1979,"Macbeth"
17558,2001,"Kiss of the Dragon"
17560,1984,"Ghostbusters"
17565,1993,"Coneheads"
17574,1996,"Eye for an Eye"
17589,2000,"The Cell"
17603,1988,"Halloween 4: The Return of Michael Myers"
17611,2002,"The Legend of Bhagat Singh"
17622,2001,"Vanilla Sky"
17624,1995,"Free Willy 2: The Adventure Home"
17643,1984,"Supergirl"
17653,2002,"The Accidental Spy"
17674,1997,"Cure"
17685,1988,"Alice"
17692,2002,"Scooby-Doo"
17695,1979,"Going in Style"
17697,2004,"New York Minute"
17703,2003,"Hulk"
17709,1992,"A River Runs Through It"
17723,2004,"Redemption"
17726,1998,"Cats"
17740,1960,"Shoot the Piano Player"
17762,1997,"Gattaca"
